Polska Innowacja Sp. z o.o.;1234567890;ul. Le�na 7;00-001;Warszawa
Elite Budownictwo;2345678901;ul. S�oneczna 14;10-002;Olsztyn
Artystyczne Kreacje;3456789012;ul. Kwiatowa 22;20-003;Lublin
TechnoMedia;4567890123;ul. Polna 5;30-004;Krak�w
Naturalny Smak;5678901234;ul. Wiosenna 11;40-005;Katowice
Geofizyka Polska;6789012345;ul. Bursztynowa 33;50-006;Wroc�aw
Kreatywne Rozwi�zania;7890123456;ul. Morska 9;60-007;Pozna�
Zielone Rewolucje;8901234567;ul. Szcz�liwa 2;70-008;Szczecin
Magia Kolor�w;9012345678;ul. Plac Wolno�ci 17;80-009;Gda�sk
Progresja Technologii;123456789;ul. R�ana 8;90-010;��d�
Stylowa Dekoracja;1029384756;ul. Cicha 12;01-011;Bia�ystok
Ekologiczne Energia;3141592653;ul. Z�ota 18;02-012;Rzesz�w
Polskie Rekordy;2718281828;ul. Granitowa 4;03-013;Bydgoszcz
G�rskie Przygody;9876543210;ul. Zielona 25;04-014;Lublin
Nowoczesna Architektura;5432109876;ul. ��kowa 31;05-015;Sopot
Harmonia Zdrowia;9871234560;ul. Klonowa 6;06-016;Kielce
Fabryka Marze�;4560987321;ul. Sienkiewicza 29;07-017;Gdynia
Inwestycje Future;2468135790;ul. Lipowa 10;08-018;Cz�stochowa
EkoDom Budownictwo;1357924680;ul. D�browa 3;09-019;Toru�
TechnoRozw�j;1112223334;ul. Jagodowa 15;10-020;P�ock
Sztuka Smaku;7778889990;ul. Brzozowa 13;11-021;Opole
Polskie Odkrycia;8887776661;ul. Orzechowa 27;12-022;Elbl�g
Kreacja Marketingowa;5554443332;ul. Sosnowa 21;13-023;Przemy�l
Kolorowe �wiat�o;9990001110;ul. Jask�cza 16;14-024;Radom
Natura w Centrum;8889997770;ul. Wrzosowa 8;15-025;Gliwice
Odkrywcy Technologii;6665554440;ul. R�ana 19;16-026;S�upsk
Dekoracyjne Mistrzostwo;1230123012;ul. Pi�kna 30;17-027;Bielsko-Bia�a
Energia Plus;4561456145;ul. Jasna 14;18-028;Zielona G�ra
Polskie Produkcje;7893789378;ul. Kwiatowa 7;19-029;Ostr�w Wielkopolski
Przygoda na Szlaku;3336669990;ul. Plac Konstytucji 5;20-030;Kalisz
Architektura Nowoczesna;2225558880;ul. Sikorskiego 12;21-031;Tarn�w
Wellness Harmonia;1010101010;ul. Chopina 33;22-032;Wa�brzych
Artystyczne Inspiracje;1212121212;ul. M�y�ska 24;23-033;Krosno
Marzenia w Realizacji;1313131313;ul. Piastowska 10;24-034;Nowy S�cz
Inwestycje Innowacyjne;1414141414;ul. Kr�tka 15;25-035;Legnica
Dom w Zgodzie z Natur�;1515151515;ul. Narutowicza 22;26-036;G�og�w
TechnoTw�rczo��;1616161616;ul. �ytnia 17;27-037;Piotrk�w Trybunalski
Smakowita Pasja;1717171717;ul. Wojska Polskiego 9;28-038;Koszalin
Polskie Dziedzictwo;1818181818;ul. D�uga 2;29-039;Tychy
Kreacyjny Biznes;1919191919;ul. Polan 31;30-040;Pabianice
Barwy Kreatywno�ci;2020202020;ul. Ks. Piotra �ciegiennego 11;31-041;Pruszk�w
Energia Odnawialna;5050505050;ul. Nowa 8;32-042;P�onie
Rekordy Polski;9595959595;ul. Wolno�ci 19;33-043;Mielec
Ekspedycje G�rskie;2121212121;ul. Krakowska 27;34-044;Skierniewice
Wsp�czesna Architektura;2323232323;ul. S�owackiego 14;35-045;Jastrz�bie-Zdr�j
Zdrowy Styl �ycia;2525252525;ul. Katowicka 6;36-046;Leszno
Fabryka Dzia�a�;2727272727;ul. Podg�rna 15;37-047;Konin
Inwestycje Przysz�o�ci;2929292929;ul. Klonowa 18;38-048;Chrzan�w
EkoHabitat;3030303030;ul. Chopina 20;39-049;Siedlce
TechnoLiderzy;6969696969;ul. Plac Narutowicza 3;40-050;K�dzierzyn-Ko�le
S�odkie Rozwi�zania;5055555555;ul. Kr�tka 22;41-051;Cieszyn
Polskie Dobre Wiadomo�ci;7777777777;ul. D�browskiego 25;42-052;Jelenia G�ra
Kreacja i Marketing;8888888888;ul. �eromskiego 9;43-053;Inowroc�aw
�wiat�o w Kolorach;9999999999;ul. 3 Maja 33;44-054;Tarnobrzeg
Natura w Ruchu;1234567890;ul. Sienkiewicza 11;45-055;Otwock
Innowacyjne Odkrycia;1122334455;ul. Jagodowa 16;46-056;Pi�a
Dekoracje z Pomys�em;2244668899;ul. Wojska Polskiego 12;47-057;Starogard Gda�ski
Energia Ekologiczna;9876543219;ul. Narutowicza 28;48-058;Radomsko
Produkty z Polski;1231231230;ul. Le�na 10;49-059;Grudzi�dz
Przygoda na Horyzoncie;9876543201;ul. Szarych Szereg�w 15;50-060;Bytom
Architektura Inspiruj�ca;9998887770;ul. Armii Krajowej 19;51-061;Zabrze
Harmonia Cia�a i Ducha;7779998881;ul. S�owackiego 24;52-062;Tarnowskie G�ry
Artystyczny Start;6543210987;ul. 11 Listopada 7;53-063;E�k
Realizacja Marze�;1212121210;ul. Piastowska 11;54-064;Sieradz
Innowacje Biznesowe;2020202021;ul. 1 Maja 26;55-065;Krotoszyn
Ekologiczny Dom;3030303032;ul. Plac Wolno�ci 32;56-066;Ko�obrzeg
TechnoWizje;4040404043;ul. Piotrkowska 21;57-067;Suwa�ki
Sztuka Kulinarne;5050505054;ul. Kr�tka 14;58-068;Wodzis�aw �l�ski
Polskie Dziedzictwo Kulinarnego;6060606065;ul. Z�ota 20;59-069;Racib�rz
Kreacyjny Ruch;7070707076;ul. Polan 8;60-070;Piekary �l�skie
Kolorowa Energia;8080808087;ul. Cicha 12;61-071;Legionowo
Polska Moc Rekord�w;9090909098;ul. Morska 30;62-072;P�ock
Odkrywcy Natury;2323232320;ul. Klonowa 5;63-073;Zgierz
Dekoracyjne Inspiracje;2121212123;ul. Wolno�ci 16;64-074;O�wi�cim
Energia w Akcji;6969696960;ul. Chopina 27;65-075;Tczew
Produkty Ekologiczne;8181818181;ul. S�oneczna 13;66-076;Stargard Szczeci�ski
Przygoda w Polsce;6767676767;ul. Jagodowa 19;67-077;Nowa S�l
Architekci Zmiany;5858585858;ul. Wiosenna 22;68-078;�om�a
Zdrowie w Fokusa;4646464646;ul. Wojska Polskiego 33;69-079;Ole�nica
Fabryka Inspiracji;3434343434;ul. Polna 8;70-080;Gr�jec
Inwestycje M�odo�ci;1112223;ul. Le�na 31;71-081;Krosno Odrza�skie
EkoStyl;2223334;ul. Sikorskiego 20;72-082;Ostro��ka
TechnoVision;3334445;ul. Sienkiewicza 14;73-083;Tarnobrzeg
Sztuka Gotowania;4445556;ul. Kwiatowa 25;74-084;Che�m
Polskie Odkrycia Kulinarne;5556667;ul. 11 Listopada 9;75-085;Jaros�aw
Kreacja w Biznesie;6667778;ul. R�ana 17;76-086;�ary
Kreatywny Malarz;7778889;ul. Kr�tka 29;77-087;�ory
Energia Przysz�o�ci;8889990;ul. Sosnowa 21;78-088;Tomasz�w Lubelski
Produkty Polskiej Ziemi;9990001;ul. Podg�rna 10;79-089;Be�chat�w
Marzenia w Akcji;1112223330;ul. Granitowa 8;80-090;�owicz
Architekci Nowej Ery;2223334441;ul. D�browskiego 16;81-091;Pu�awy
Strefa Zdrowia;3334445552;ul. Polan 22;82-092;Ostr�da
Inspiracje Artystyczne;4445556663;ul. 1 Maja 33;83-093;Swidnik
Polskie Wizje Biznesu;5556667774;ul. Armii Krajowej 14;84-094;W�oc�awek
Przygody w Naturze;6667778885;ul. Jagodowa 17;85-095;Otwock
Dekoracje z Wyobra�ni�;7778889996;ul. Plac Konstytucji 30;86-096;Dzier�oni�w
Ekologiczna Przysz�o��;8889990007;ul. S�oneczna 12;87-097;Sanok
Rekordy Ekonomii;9990001118;ul. Le�na 24;88-098;Pleszew
Kreacja w Marketingu;987654321;ul. Kwiatowa 9;89-099;Skierniewice
Barwy Technologii;1111111111;ul. Jagodowa 11;90-100;Mys�owice
Energia Zielona;2222222222;ul. Sosnowa 27;91-101;Piekary �l�skie
Naukowe Odkrycia;3333333333;ul. Wojska Polskiego 10;92-102;Legionowo
Sztuka Miesza�cza;4444444444;ul. R�ana 8;93-103;Stargard Szczeci�ski
Polska Przysz�o��;5555555555;ul. Polna 5;94-104;Gr�jec
Przygoda w Pracy;6666666666;ul. Sienkiewicza 22;95-105;Krosno Odrza�skie
Architektoniczne Marzenia;7777777777;ul. Plac Wolno�ci 16;96-106;Tarnobrzeg
Strefa Zdrowego �ycia;8888888888;ul. Krakowska 33;97-107;Ole�nica
Kreacja Artystyczna;9999999999;ul. Narutowicza 19;98-108;Ostro��ka
Wizje Technologiczne;5432109871;ul. Morska 21;99-109;Jaros�aw
Ekologiczna Kuchnia;987654320;ul. Kwiatowa 28;00-110;�ary
Inwestycje Kreatywne;5555555550;ul. Jagodowa 15;01-111;�ory
Smak Kreatywno�ci;1234567891;ul. Granitowa 14;02-112;Tomasz�w Lubelski
Przygody w Polsce;9876543211;ul. D�browskiego 27;03-113;Be�chat�w
Energia Inspiracji;101010101;ul. Polan 10;04-114;�owicz
Produkty z Pasj�;1212121210;ul. 1 Maja 29;05-115;Pu�awy
Polska w Realizacji;2323232321;ul. Armii Krajowej 9;06-116;Ostr�da
Fabryka Tw�rczo�ci;3434343432;ul. Jagodowa 8;07-117;Swidnik
Innowacje w Praktyce;4545454543;ul. Podg�rna 12;08-118;W�oc�awek
Architekci Zr�wnowa�onego Rozwoju;5656565654;ul. Plac Konstytucji 33;09-119;Mys�owice
Zdrowie w Centrum;6767676765;ul. Krakowska 11;10-120;Lubin
Kreacja i Sztuka;7878787876;ul. Wojska Polskiego 16;11-121;Turek
Barwy Ekologii;8989898987;ul. Jagodowa 22;12-122;Piaseczno
Polskie Inwestycje;9090909090;ul. Polna 14;13-123;Krotoszyn
Natura Inspiruje;1990199019;ul. R�ana 27;14-124;Koszalin
Przygoda w Dzia�aniu;8989989898;ul. 11 Listopada 5;15-125;K�trzyn
Dekoracyjna Magia;6565656565;ul. Sosnowa 31;16-126;Bielsk Podlaski
Energia w Praktyce;7878787878;ul. 3 Maja 18;17-127;Grajewo
Produkty Polskiej Marki;4343434343;ul. Le�na 22;18-128;�ask
Polska Si�a Biznesu;9191919191;ul. Klonowa 9;19-129;E�k
Kreacyjna Przysz�o��;1313131310;ul. Jagodowa 10;20-130;Lubsko
Kreatywne Odkrycia;6565656560;ul. Podg�rna 15;21-131;Gorz�w Wielkopolski
Ekologiczne Domy;7878787870;ul. Granitowa 24;22-132;Przasnysz
TechnoRozkwit;5656565656;ul. 1 Maja 19;23-133;Przysucha
Sztuka Kuchni;7878787878;ul. Wojska Polskiego 31;24-134;Byt�w
Innowacyjne Smaki;7878787878;ul. Sienkiewicza 8;25-135;Malbork
Polska Otwarto��;1212121212;ul. Polna 21;26-136;Nowy Targ
Architektoniczne Nowo�ci;8989898989;ul. Jagodowa 29;27-137;Zamo��
Harmonia w Pracy;7878787878;ul. 11 Listopada 14;28-138;Ciechan�w
Kreacja i Praktyka;6565656565;ul. R�ana 33;29-139;Stalowa Wola
Energia w Akcji;4343434343;ul. Kwiatowa 8;30-140;Legionowo
Produkty z Pasj�;1010101010;ul. Sosnowa 27;31-141;O�wi�cim
Polskie Artyku�y;2020202020;ul. Le�na 16;32-142;Tczew
Przygody w Naturze;3030303030;ul. Morska 19;33-143;�om�a
Dekoracje z Wyobra�ni�;4040404040;ul. 3 Maja 22;34-144;Siedlce
Ekologiczne Rozwi�zania;5050505050;ul. Krakowska 15;35-145;Ropczyce
Rekordy Kulinari�w;6060606060;ul. Jagodowa 5;36-146;Krapkowice
Kreacja w Marketingu;7070707070;ul. S�oneczna 11;37-147;Jarocin
Barwy Technologii;8080808080;ul. Polan 12;38-148;Gorlice
Sztuka Kulinarne;9090909090;ul. Armii Krajowej 10;39-149;Stasz�w
Polskie Odkrycia Kulinarne;1111111111;ul. Wojska Polskiego 28;40-150;Ostr�w Mazowiecka