Zeszyt A4 w kratk?;5,99 z?;20
D?ugopis kulkowy BIC Cristal;1,49 z?;20
Kredki o??wkowe Faber Castell 24 kolor?w;12,99 z?;20
Klej w sztyfcie Pritt;3,49 z?;20
Teczka ofertowa A4;2,99 z?;20
Linijka 30 cm;1,99 z?;20
Notes samoprzylepny PostIt 3x3 cale;5,99 z?;20
Zestaw marker?w kolorowych Stabilo;8,99 z?;20
Koperty bia?e C5;7,49 z?;20
O??wek automatyczny z gumk?;2,49 z?;20
Karteczki samoprzylepne r?nych kolor?w;4,99 z?;20
No?yczki biurowe;3,49 z?;20
Zeszyt w kratk? B5;4,49 z?;20
Markery flamastre w zestawie;9,99 z?;20
D?ugopis ?elowy UniBall Signo;2,99 z?;20
Teczka z gumk? na dokumenty;6,99 z?;20
Kalendarz ?cienny na rok 2024;8,99 z?;20
Klej do papieru w tubce;2,49 z?;20
Zak?adki do ksi??ek;1,99 z?;20
Spinacz biurowy metalowy;1,49 z?;20
Zestaw kolorowych gumek do mazania;3,99 z?;20
Podk?adki biurkowe z kalendarzem;5,49 z?;20
Kredki o??wkowe dla dzieci 12 kolor?w;6,99 z?;20
Linijka 50 cm;2,49 z?;20
Zeszyt w linie A5;4,99 z?;20
D?ugopis ?elowy Pilot G2;3,49 z?;20
Teczka z uchwytem A3;7,99 z?;20
Klej cyjanoakrylowy do papieru;4,99 z?;20
Zakre?lacze tekstu w neonowych kolorach;6,49 z?;20
Kartka ozdobna w rolce;4,99 z?;20
Zestaw o??wk?w kolorowych dla dzieci;7,99 z?;20
Przybornik biurowy na d?ugopisy;5,49 z?;20
Notes A6 w spirali;3,99 z?;20
Koperty b?belkowe C4;9,99 z?;20
Zestaw gumek do mazania r?nych kszta?t?w;2,99 z?;20
Markery permanentne w zestawie;8,49 z?;20
Teczka na rysunki formatu A2;10,99 z?;20
Kalkulator biurowy;12,99 z?;20
Zak?adki magnetyczne do ksi??ek;3,49 z?;20
Rozsuwane kredki o??wkowe 36 kolor?w;14,99 z?;20
Podk?adki pod mysz z nadrukiem;5,99 z?;20
Bloczek samoprzylepny w spiralce;6,49 z?;20
D?ugopis kulkowy Paper Mate;1,99 z?;20
Linijka elastyczna 60 cm;2,99 z?;20
Zeszyt w kratk? A5;3,49 z?;20
Kalendarz biurkowy na rok 2024;7,99 z?;20
Kalkulator naukowy;19,99 z?;20
Koperty kopertowe C6;5,99 z?;20
Zestaw kredkowych o??wk?w do rysowania;9,99 z?;20
Kredki o??wkowe w tubce 12 kolor?w;5,49 z?;20
D?ugopis ?elowy Zebra Sarasa;2,49 z?;20
Teczka rozprawka z gumk?;4,99 z?;20
Klej do papieru w p?ynie;3,99 z?;20
Linijka 20 cm;1,49 z?;20
Zak?adki do ksi??ek z zakre?laczami;4,49 z?;20
Podk?adka biurkowa z kalkulatorami;6,99 z?;20
Spinacz biurowy plastikowy;0,99 z?;20
Zeszyt w kratk? B6;3,49 z?;20
Markery do tablicy sucho?cieralnej;7,49 z?;20
Klej w ta?mie;3,49 z?;20
Zak?adki do ksi??ek z cytatami;3,99 z?;20
D?ugopis z ?elazkiem;2,99 z?;20
Teczka na dokumenty w kolorze;7,49 z?;20
Kalendarz ?cienny na rok 2024 z obrazkami;9,99 z?;20
Zestaw notes?w samoprzylepnych w r?nych kszta?tach;6,49 z?;20
D?ugopis kulkowy w metalowej obudowie;3,99 z?;20
Kredki o??wkowe kolorowe 36 kolor?w;14,99 z?;20
Linijka 15 cm;1,49 z?;20
Zeszyt w kratk? A6;2,99 z?;20
Klej w ta?mie;3,49 z?;20
Teczka z gumk? i zamek;8,99 z?;20
Spinacz biurowy kolorowy;1,49 z?;20
Podk?adka biurkowa z kalendarzem;4,99 z?;20
Kredki o??wkowe w tubce 24 kolor?w;8,49 z?;20
Markery permanentne w r?nych rozmiarach;6,99 z?;20
D?ugopis ?elowy Pentel EnerGel;2,99 z?;20
Zeszyt w linie B5;4,99 z?;20
Linijka 40 cm;2,49 z?;20
Zestaw kredkowych o??wk?w w etui;6,99 z?;20
Klej cyjanoakrylowy do biurka;4,99 z?;20
Koperty kopertowe C6;5,99 z?;20
Kalendarz biurkowy z notatkami;7,49 z?;20
Zakre?lacz tekstu w r?nych kolorach;2,49 z?;20
Bloczek samoprzylepny w r?nych rozmiarach;4,99 z?;20
Teczka na rysunki A4 z uchwytem;6,49 z?;20
D?ugopis kulkowy z gumk?;1,99 z?;20
Zestaw kredek o??wkowych w drewnianej skrzynce;9,99 z?;20
Linijka 10 cm;0,99 z?;20
Spinacz biurowy w kszta?cie serca;1,49 z?;20
Zeszyt w kratk? B4;5,49 z?;20
Klej do papieru w sztyfcie;2,49 z?;20
Kredki o??wkowe w tubce 48 kolor?w;16,99 z?;20
D?ugopis ?elowy Sakura Gelly Roll;2,99 z?;20
Teczka z uchwytem A4;6,99 z?;20
Kalendarz ksi??kowy na rok 2024;6,99 z?;20
Linijka 70 cm;2,99 z?;20
Zak?adki do ksi??ek z zakre?laczami;3,99 z?;20
Podk?adka biurkowa z konwertem;5,99 z?;20
Spinacz biurowy z magnesem;1,99 z?;20
Zeszyt w kratk? B7;2,99 z?;20
D?ugopis kulkowy z mo?liwo?ci? regulacji;3,49 z?;20
Klej w p?ynie do papieru;3,99 z?;20
Teczka z uchwytem A5;5,99 z?;20
Kredki o??wkowe w tubce 72 kolor?w;19,99 z?;20
Linijka 5 cm;0,99 z?;20
Zeszyt w kratk? A7;2,49 z?;20
Kalendarz biurkowy z kalkulatorem;8,99 z?;20
Zakre?lacze tekst?w w pastelowych kolorach;5,49 z?;20
Bloczek samoprzylepny z zak?adkami;5,99 z?;20
D?ugopis z regulowanym strumieniem atramentu;4,49 z?;20
Podk?adka biurkowa z podw?jnym kalendarzem;7,99 z?;20
Spinacz biurowy z uchwytem na kubek;2,49 z?;20
Zeszyt w kratk? B8;1,99 z?;20
Kredki o??wkowe w drewnianej skrzynce 72 kolor?w;21,99 z?;20
Linijka 80 cm;3,49 z?;20
Teczka z gumk? A3;9,99 z?;20
Klej do biurka w kszta?cie gwiazdki;4,99 z?;20
Markery do tablicy sucho?cieralnej w zestawie;10,49 z?;20
Kalendarz ?cienny z kieszonkami na notatki;9,99 z?;20
D?ugopis ?elowy z wymiennym wk?adem;5,99 z?;20
Koperty bia?e C4;6,99 z?;20
Zestaw notes?w samoprzylepnych w kszta?cie zwierz?t;7,49 z?;20
Kredki o??wkowe dla dzieci 24 kolor?w;8,99 z?;20
Linijka 10 cm z uchwytem;2,99 z?;20
Zeszyt w linie B7;3,99 z?;20
Kalkulator naukowy z funkcj? graficzn?;22,99 z?;20
Teczka na dokumenty z uchwytem;7,49 z?;20
Klej w sztyfcie z aromatem;4,49 z?;20
Zak?adki do ksi??ek z ilustracjami;4,99 z?;20
Spinacz biurowy z uchwytem na telefon;2,49 z?;20
Zeszyt w kratk? A8;1,49 z?;20
Kredki o??wkowe w tubce 96 kolor?w;24,99 z?;20
Linijka 90 cm;3,99 z?;20
D?ugopis ?elowy z gumk?;2,49 z?;20
Teczka z gumk? A5;6,49 z?;20
Klej do papieru w tubce;4,49 z?;20
Kalendarz ksi??kowy z zak?adkami;8,49 z?;20
Zakre?lacze tekst?w w pastelowych kolorach;5,99 z?;20
Zestaw notes?w samoprzylepnych w kszta?cie kwiat?w;7,99 z?;20
D?ugopis kulkowy z kszta?tem zwierz?t;3,49 z?;20
Podk?adka biurkowa z kieszonk? na zdj?cia;5,49 z?;20
Spinacz biurowy w kszta?cie gwiazdy;1,99 z?;20
Zeszyt w kratk? B9;1,99 z?;20
Kredki o??wkowe dla dzieci 48 kolor?w;11,99 z?;20
Linijka 100 cm;4,49 z?;20
Zestaw kredkowych o??wk?w w metalowej skrzynce;12,99 z?;20
Klej w p?ynie z aplikatorem;5,99 z?;20
Koperty kopertowe C5;8,99 z?;20
Teczka z uchwytem i zamkiem;9,49 z?;20
Kalendarz biurkowy z notatkami i przypinaczami;10,99 z?;20
